{"train_acc": [0.10000, 0.84000, 0.88000, 0.96000, 0.94000, 0.94000, 0.94000, 1.00000, 1.00000, 0.94000, 0.96000, 0.92000, 0.96000, 0.96000, 0.88000, 0.92000, 0.98000, 0.98000, 0.96000, 1.00000, 0.98000, 1.00000, 0.96000, 1.00000, 0.98000, 0.98000, 0.96000, 0.92000, 0.98000, 0.98000, 0.98000, 0.96000, 0.98000, 0.98000, 0.98000, 0.98000, 0.98000, 1.00000, 1.00000, 1.00000, 0.98000, 0.94000, 1.00000, 0.98000, 0.98000, 0.96000, 1.00000, 1.00000, 0.98000, 1.00000, 0.98000, 0.96000, 1.00000, 0.96000, 1.00000], "validation_acc": [0.11940, 0.97160, 0.97880, 0.98240, 0.98540, 0.98660, 0.98840, 0.98900, 0.98960, 0.98880, 0.99120], "acc_buffer": 0.9917}